Workbook

Sheet LEIA-ME
A1: MHBV-23 · Controle das Fichas de Adesão · COOP MEL-HORANDO BOA VIAGEM (em constituição) · 08/10/2026
A3: Para quê: acompanhar a coleta das fichas (MHBV-00D v1.1) até 31/10/2026. Mínimo legal: 20 pessoas físicas (Lei 5.764/1971, art. 6º, I). Meta: 25.
A4: Como usar:
A5: 1) Aba Convites: anote cada apicultor que você chamou (Sindicato Rural, Emater, Associação, indicação). Atualize o Status.
A6: 2) Aba Fichas: quando a ficha voltar assinada, copie os dados da ficha para uma linha. Escreva só nas células de texto azul.
A7: 3) Aba Painel: mostra sozinha quantas fichas faltam, dias até 31/10, colmeias, produção, % com CAF e respostas sobre o pagamento 50/20/30.
A8: Regras:
A9: • Ficha só conta quando a coluna "Ficha assinada?" = Sim.
A10: • Apiário tem que estar num dos 17 municípios do Anexo I (lista de seleção).
A11: • Pai e filho (ou parentes até 2º grau) não podem ficar no mesmo conselho (Lei 5.764, art. 51) — preencha a coluna Parentesco.
A12: • CAF-PJ da cooperativa exige ≥ 50% dos cooperados com CAF ativo — acompanhe no Painel.
A13: LGPD (Lei 13.709/2018): esta planilha terá dados pessoais reais. Guardar só em pasta privada; não enviar por WhatsApp; não tornar o repositório público.
A14: Azul = você preenche · Preto = fórmula (não apagar).

Sheet Painel
A1: PAINEL DA MOBILIZAÇÃO · fichas até 31/10/2026
A3: Prazo das fichas | B3: =DATE(2026,10,31) -> 46326
A4: Dias que faltam | B4: =MAX(0,B3-TODAY()) -> 23
A5: Fichas assinadas | B5: =COUNTIF(Fichas!$V$4:$V$63,"Sim") -> 0 | C5: =IF(B5>=B8,"✓ meta atingida",IF(B5>=B6,"✓ mínimo legal atingido","faltam "&B7&" para o mínimo")) -> faltam 20 para o mínimo
A6: Mínimo legal (Lei 5.764, art. 6º, I) | B6: =20 -> 20
A7: Faltam para o mínimo | B7: =MAX(0,B6-B5) -> 20
A8: Meta da Comissão | B8: =25 -> 25
A9: Faltam para a meta | B9: =MAX(0,B8-B5) -> 25
A10: Ritmo necessário (fichas/dia até a meta) | B10: =IF(B4=0,B9,B9/B4) -> 1.0869565
A11: Total de colmeias (fichas assinadas) | B11: =SUMIFS(Fichas!$G$4:$G$63,Fichas!$V$4:$V$63,"Sim") -> 0
A12: Produção declarada (kg/ano) | B12: =SUMIFS(Fichas!$H$4:$H$63,Fichas!$V$4:$V$63,"Sim") -> 0
A13: % da meta de regime (250 t) | B13: =B12/250000 -> 0
A14: % com CAF (CAF-PJ exige ≥ 50%) | B14: =IF(B5=0,0,COUNTIFS(Fichas!$V$4:$V$63,"Sim",Fichas!$K$4:$K$63,"Sim")/B5) -> 0 | C14: =IF(B14>=0.5,"✓ atende CAF-PJ","abaixo de 50%") -> abaixo de 50%
A15: Candidatos ao Conselho de Administração (precisa ≥ 5) | B15: =COUNTIFS(Fichas!$V$4:$V$63,"Sim",Fichas!$P$4:$P$63,"Conselho de Administração") -> 0 | C15: =IF(B15>=5,"✓","faltam "&MAX(0,5-B15)) -> faltam 5
A16: Candidatos ao Conselho Fiscal (precisa ≥ 6: 3+3) | B16: =COUNTIFS(Fichas!$V$4:$V$63,"Sim",Fichas!$P$4:$P$63,"Conselho Fiscal") -> 0 | C16: =IF(B16>=6,"✓","faltam "&MAX(0,6-B16)) -> faltam 6
A17: Documentos completos (RG+CPF e comprovante) | B17: =COUNTIFS(Fichas!$V$4:$V$63,"Sim",Fichas!$S$4:$S$63,"Sim",Fichas!$T$4:$T$63,"Sim") -> 0
A18: 50/20/30 vale a pena? — Sim | B18: =COUNTIFS(Fichas!$V$4:$V$63,"Sim",Fichas!$R$4:$R$63,"Sim") -> 0
A19: 50/20/30 vale a pena? — Não | B19: =COUNTIFS(Fichas!$V$4:$V$63,"Sim",Fichas!$R$4:$R$63,"Não") -> 0
A20: 50/20/30 vale a pena? — Talvez | B20: =COUNTIFS(Fichas!$V$4:$V$63,"Sim",Fichas!$R$4:$R$63,"Talvez") -> 0
A21: Convites feitos | B21: =COUNTA(Convites!$A$4:$A$153) -> 0
A22: Convidados que vão à reunião | B22: =COUNTIF(Convites!$H$4:$H$153,"Sim") -> 0
A25: Fichas assinadas por município (Anexo I)
A26: Município | B26: Fichas | C26: Colmeias
A27: Boa Viagem | B27: =COUNTIFS(Fichas!$V$4:$V$63,"Sim",Fichas!$D$4:$D$63,A27) -> 0 | C27: =SUMIFS(Fichas!$G$4:$G$63,Fichas!$V$4:$V$63,"Sim",Fichas!$D$4:$D$63,A27) -> 0
A28: Madalena | B28: =COUNTIFS(Fichas!$V$4:$V$63,"Sim",Fichas!$D$4:$D$63,A28) -> 0 | C28: =SUMIFS(Fichas!$G$4:$G$63,Fichas!$V$4:$V$63,"Sim",Fichas!$D$4:$D$63,A28) -> 0
A29: Quixeramobim | B29: =COUNTIFS(Fichas!$V$4:$V$63,"Sim",Fichas!$D$4:$D$63,A29) -> 0 | C29: =SUMIFS(Fichas!$G$4:$G$63,Fichas!$V$4:$V$63,"Sim",Fichas!$D$4:$D$63,A29) -> 0
A30: Pedra Branca | B30: =COUNTIFS(Fichas!$V$4:$V$63,"Sim",Fichas!$D$4:$D$63,A30) -> 0 | C30: =SUMIFS(Fichas!$G$4:$G$63,Fichas!$V$4:$V$63,"Sim",Fichas!$D$4:$D$63,A30) -> 0
A31: Monsenhor Tabosa | B31: =COUNTIFS(Fichas!$V$4:$V$63,"Sim",Fichas!$D$4:$D$63,A31) -> 0 | C31: =SUMIFS(Fichas!$G$4:$G$63,Fichas!$V$4:$V$63,"Sim",Fichas!$D$4:$D$63,A31) -> 0
A32: Itatira | B32: =COUNTIFS(Fichas!$V$4:$V$63,"Sim",Fichas!$D$4:$D$63,A32) -> 0 | C32: =SUMIFS(Fichas!$G$4:$G$63,Fichas!$V$4:$V$63,"Sim",Fichas!$D$4:$D$63,A32) -> 0
A33: Canindé | B33: =COUNTIFS(Fichas!$V$4:$V$63,"Sim",Fichas!$D$4:$D$63,A33) -> 0 | C33: =SUMIFS(Fichas!$G$4:$G$63,Fichas!$V$4:$V$63,"Sim",Fichas!$D$4:$D$63,A33) -> 0
A34: Santa Quitéria | B34: =COUNTIFS(Fichas!$V$4:$V$63,"Sim",Fichas!$D$4:$D$63,A34) -> 0 | C34: =SUMIFS(Fichas!$G$4:$G$63,Fichas!$V$4:$V$63,"Sim",Fichas!$D$4:$D$63,A34) -> 0
A35: Mombaça | B35: =COUNTIFS(Fichas!$V$4:$V$63,"Sim",Fichas!$D$4:$D$63,A35) -> 0 | C35: =SUMIFS(Fichas!$G$4:$G$63,Fichas!$V$4:$V$63,"Sim",Fichas!$D$4:$D$63,A35) -> 0
A36: Tamboril | B36: =COUNTIFS(Fichas!$V$4:$V$63,"Sim",Fichas!$D$4:$D$63,A36) -> 0 | C36: =SUMIFS(Fichas!$G$4:$G$63,Fichas!$V$4:$V$63,"Sim",Fichas!$D$4:$D$63,A36) -> 0
A37: Independência | B37: =COUNTIFS(Fichas!$V$4:$V$63,"Sim",Fichas!$D$4:$D$63,A37) -> 0 | C37: =SUMIFS(Fichas!$G$4:$G$63,Fichas!$V$4:$V$63,"Sim",Fichas!$D$4:$D$63,A37) -> 0
A38: Piquet Carneiro | B38: =COUNTIFS(Fichas!$V$4:$V$63,"Sim",Fichas!$D$4:$D$63,A38) -> 0 | C38: =SUMIFS(Fichas!$G$4:$G$63,Fichas!$V$4:$V$63,"Sim",Fichas!$D$4:$D$63,A38) -> 0
... A43: Banabuiú | B43: =COUNTIFS(Fichas!$V$4:$V$63,"Sim",Fichas!$D$4:$D$63,A43) -> 0 | C43: =SUMIFS(Fichas!$G$4:$G$63,Fichas!$V$4:$V$63,"Sim",Fichas!$D$4:$D$63,A43) -> 0

Sheet Fichas
A1: FICHAS DE ADESÃO RECEBIDAS — preencher a partir da ficha MHBV-00D v1.1
A3: Nº | B3: Nome completo | C3: CPF | D3: Município do apiário | E3: Comunidade | F3: WhatsApp | G3: Nº colmeias | H3: Produção (kg/ano) | I3: Meses de safra | J3: Vasilhame | K3: Tem CAF? | L3: Nº CAF | M3: Associação | N3: Quotas (mín. 100) | O3: Integralização | P3: Candidato a | Q3: Parentesco (nome/grau) | R3: 50/20/30 vale a pena? | S3: RG+CPF | T3: Compr. residência | U3: Cópia CAF | V3: Ficha assinada? | W3: Data entrega | X3: Recebido por | Y3: Observações
A4: =IF(B4="","",ROW()-3)
A5: =IF(B5="","",ROW()-3)
A6: =IF(B6="","",ROW()-3)
A7: =IF(B7="","",ROW()-3)
A8: =IF(B8="","",ROW()-3)
A9: =IF(B9="","",ROW()-3)
A10: =IF(B10="","",ROW()-3)
A11: =IF(B11="","",ROW()-3)
A12: =IF(B12="","",ROW()-3)
A13: =IF(B13="","",ROW()-3)
A14: =IF(B14="","",ROW()-3)
A15: =IF(B15="","",ROW()-3)
... A63: =IF(B63="","",ROW()-3)

Sheet Listas
A1: Boa Viagem
A2: Madalena
A3: Quixeramobim
A4: Pedra Branca
A5: Monsenhor Tabosa
A6: Itatira
A7: Canindé
A8: Santa Quitéria
A9: Mombaça
A10: Tamboril
A11: Independência
A12: Piquet Carneiro
... A17: Banabuiú

Sheet Convites
A1: CONVITES — funil de mobilização (quem foi chamado e em que pé está)
A3: Nome | B3: Município | C3: Comunidade | D3: WhatsApp | E3: Origem do contato | F3: Convidado em | G3: Status | H3: Vai à reunião? | I3: Observações
